symbol,this_week_price_usd,last_week_price_usd,delta_price_usd,Total Liquidity V1,Total Liquidity V2,Total Liquidity amm,Total Liquidity polygon,Total Liquidity avax,Total Liquidity,Available Liquidity V1,Available Liquidity V2,Available Liquidity amm,Available Liquidity polygon,Available Liquidity avax,share,Total Borrows Stable V1,Total Borrows Variable V1,Total Borrows Variable V2,Total Borrows Stable V2,Total Borrows Variable amm,Total Borrows Stable amm,Total Borrows Variable polygon,Total Borrows Stable polygon,Total Borrows Variable avax,Total Borrows Stable avax,Total Borrows V1,Total Borrows V2,Total Borrows amm,Total Borrows polygon,Total Borrows avax,Total Borrows Variable,Total Borrows Stable,Total Borrows Variable USD,Total Borrows Stable USD,Total Borrows,Total Borrows USD,Share of borrows,V1 Interests USD,V2 Interests USD,V2 Reserve USD,amm Interests USD,amm Reserve USD,polygon Interests USD,polygon Reserve USD,avax Interests USD,avax Reserve USD,V1 Liquidations per Collateral USD,V1 Bonus USD,V2 Liquidations per Collateral USD,V2 Bonus USD,amm Liquidations per Collateral USD,amm Bonus USD,polygon Liquidations per Collateral USD,polygon Bonus USD,avax Liquidations per Collateral USD,avax Bonus USD,Total Liquidations,Total Bonus USD,V1 Flashloans USD,V1 Flashloans Fees USD,V2 Flashloans USD,V2 Flashloans Fees USD,amm Flashloans USD,amm Flashloans Fees USD,polygon Flashloans USD,polygon Flashloans Fees USD,avax Flashloans USD,avax Flashloans Fees USD,V2 Depositor LM,V2 Borrower LM,polygon Depositor LM,polygon Borrower LM,avax Depositor LM,avax Borrower LM,Total estimated weekly income,Share of income,Share of income excl liquidations,Average APY excl LM,Average Depositor APY,V2 Reserve Factor Accrued USD,amm Reserve Factor Accrued USD,polygon Reserve Factor Accrued USD,avax Reserve Factor Accrued USD,V1 Ecosystem Collection,V2 Ecosystem Collection,amm Ecosystem Collection,polygon Ecosystem Collection,avax Ecosystem Collection,Total Collections,Percentage of Total Collections USD,TVL Safety Module + Ecosystem Reserve,Share of TVL
AAVE,69.52744222565885,54.47721486346004,0.2762664611236132,1627.5345197741447,2673646.652213792,0.0,55294.16396165862,8089.049528539716,190411844.16993085,1627.5345197741447,2673646.652213792,0.0,55294.16396165862,8089.049528539716,0.03539826950517728,0.0,0.0,0.0,0.0,0.0,0.0,0.0,0.0,0.0,0.0,0.0,0.0,0.0,0.0,0.0,0.0,0.0,0.0,0.0,0.0,0.0,0.0,0.0,0.0,0.0,0.0,0.0,0.0,0.0,0.0,0.0,0.0,0.0,1941.099527075672,145.5824645306754,0.0,0.0,0.9907112814842297,0.09907112814842298,0.0,0.0,1942.0902383571563,145.6815356588238,0.0,0.0,44488.42474658328,40.03958227192495,0.0,0.0,256943.35470551276,231.24901923496148,4942.022446834221,4.447820202150799,0.0,0.0,0.0,0.0,0.0,0.0,421.41795736786105,0.0003006772946416078,0.000201092762717136,1.6597162741240487e-06,1.0859628036204859e-06,0.0,0.0,0.0,0.0,4.899669464115677,0.0,0.0,0.0,0.0,4.899669464115677,8.681240475801482e-06,9.897609948380996e-06,0.001463041730019406
AMPL,0.8708338751933328,0.8257237863000004,0.05463096696713432,0.0,12138106.971758446,0.0,0.0,0.0,10570274.731727617,0.0,11887229.096564366,0.0,0.0,0.0,0.0019244384237301184,0.0,0.0,250877.87519408,0.0,0.0,0.0,0.0,0.0,0.0,0.0,0.0,250877.87519408,0.0,0.0,0.0,250877.87519408,0.0,218472.95225553,0.0,250877.87519408,218472.95225553,0.00014272456673783364,0.0,724.1615217765946,6.398252319404662,0.0,0.0,0.0,0.0,0.0,0.0,0.0,0.0,0.0,-0.0,0.0,0.0,0.0,0.0,0.0,0.0,0.0,0.0,0.0,0.0,0.0,0.0,0.0,0.0,0.0,0.0,0.0,0.0,0.0,0.0,0.0,0.0,0.0,0.0,730.5597740959993,0.0005212467399850804,0.0005327924486450108,0.004138140124460487,0.004138140124460487,505002.932369536,0.0,0.0,0.0,0.0,114811.732068239,0.0,0.0,0.0,114811.732068239,0.002547888004105371,0.0029048845872992257,0.006554676579419632
BAL,5.423913471195083,4.194150493900073,0.2932090727511001,0.0,437964.8997520522,0.0,37196.81810292819,0.0,2577236.042469825,0.0,227055.9532379688,0.0,28860.345039326054,0.0,0.0002580469735661993,0.0,0.0,210908.9465140834,0.0,0.0,0.0,8336.473063602138,0.0,0.0,0.0,0.0,210908.9465140834,0.0,8336.473063602138,0.0,219245.41957768553,0.0,1189168.1847452268,0.0,219245.41957768553,1189168.1847452268,0.00012472884463913901,0.0,10491.460000565427,2624.831500779178,0.0,0.0,32.49780117092042,8.130045452564634,0.0,0.0,0.0,0.0,628.2031183059976,50.25624946447981,0.0,0.0,26.362601305475497,2.6362601305475497,0.0,0.0,654.5657196114731,52.892509595027356,0.0,0.0,6921.288822309235,6.229159940078311,0.0,0.0,168.141317607049,0.15132718584634408,0.0,0.0,2.9484703652370627,0.0,0.0,0.0,0.0,0.0,13421.191947662126,0.009575879753425375,0.00974941304514195,0.04929585784918175,0.04986321109718667,18993.87796630679,0.0,654.836485977372,0.0,0.0,3617.876422858073,0.0,122.45109142478549,0.0,3740.3275142828584,0.0005169888005399157,0.0005891555292038777,0.0001352435785190697
BAT,0.3978329653333331,0.32698040392909,0.21668748509959146,571089.6222296138,8281820.356222121,0.0,0.0,0.0,3521979.428556508,431785.7433077332,7559537.696109188,0.0,0.0,0.0,0.0005910273080470931,648.0122356818698,138655.86668619874,692622.937849897,29659.722263036456,0.0,0.0,0.0,0.0,0.0,0.0,139303.87892188062,722282.6601129334,0.0,0.0,0.0,831278.8045360957,30307.734498718324,330710.1118273432,12057.41588816047,861586.539034814,342767.52771550365,0.0004901570750141428,19.558857024252656,94.49652068436781,23.624878106462496,0.0,0.0,0.0,0.0,0.0,0.0,0.0,0.0,422.9319206453342,31.71989404840006,0.0,0.0,0.0,0.0,0.0,0.0,422.9319206453342,31.71989404840006,0.0,0.0,0.0,0.0,0.0,0.0,0.0,0.0,0.0,0.0,0.0,0.0,0.0,0.0,0.0,0.0,169.40014986348302,0.00012086523101903173,0.00010040930698184091,0.006303724656901924,0.005123362783619313,2102.10743842945,0.0,0.0,0.0,250.52059200715738,5312.608741750788,0.0,0.0,0.0,5563.1293337579455,5.6399944187624014e-05,6.430240588722124e-05,0.004370912232075558
BUSD,0.9983878841760008,0.9936523860701681,0.00476574924210782,1402783.640107478,14810105.390365962,0.0,0.0,0.0,16186751.97551467,1233228.5812434088,10038031.08670076,0.0,0.0,0.0,0.002091991084780112,0.0,169555.05886406903,4772074.303665203,0.0,0.0,0.0,0.0,0.0,0.0,0.0,169555.05886406903,4772074.303665203,0.0,0.0,0.0,4941629.362529272,0.0,4933662.8836376,0.0,4941629.362529272,4933662.8836376,0.0028112957716990034,43.16805627654312,1395.1397198710442,154.9506937503972,0.0,0.0,0.0,0.0,0.0,0.0,0.0,0.0,0.0,-0.0,0.0,0.0,0.0,0.0,0.0,0.0,0.0,0.0,0.0,0.0,281.9140669157045,0.25372266022413403,0.0,0.0,0.0,0.0,0.0,0.0,12.836234591553746,25.672469183108092,0.0,0.0,0.0,0.0,4270.923869436021,0.0030472594065594646,0.0031147567482605848,0.0051412343835664665,0.008020660311695665,123160.57499090796,0.0,0.0,0.0,690.2691951166823,128695.96824485183,0.0,0.0,0.0,129386.2374399685,0.003291896228801397,0.003753139306996852,0.006233825302029214
BptBALWETH,153.7124375309805,153.7124375309805,0.0,0.0,0.0,90.98780622290512,0.0,0.0,13985.957480119263,0.0,0.0,90.98780622290512,0.0,0.0,2.600041474979805e-06,0.0,0.0,0.0,0.0,0.0,0.0,0.0,0.0,0.0,0.0,0.0,0.0,0.0,0.0,0.0,0.0,0.0,0.0,0.0,0.0,0.0,0.0,0.0,0.0,0.0,0.0,0.0,0.0,0.0,0.0,0.0,0.0,0.0,0.0,0.0,0.0,0.0,0.0,0.0,0.0,0.0,0.0,0.0,0.0,0.0,0.0,0.0,0.0,0.0,0.0,0.0,0.0,0.0,0.0,0.0,0.0,0.0,0.0,0.0,0.0,0.0,0.0,0.0,0.0,0.0,0.0,0.0,0.0,0.0,0.0,0.0,0.0,0.0,0.0,0.0,0.0,0.0
BptWBTCWETH,211443.71154837313,211443.71154837313,0.0,0.0,0.0,0.08732430541351263,0.0,0.0,18464.175245016802,0.0,0.0,0.08732430541351263,0.0,0.0,3.432558800967391e-06,0.0,0.0,0.0,0.0,0.0,0.0,0.0,0.0,0.0,0.0,0.0,0.0,0.0,0.0,0.0,0.0,0.0,0.0,0.0,0.0,0.0,0.0,0.0,0.0,0.0,0.0,0.0,0.0,0.0,0.0,0.0,0.0,0.0,0.0,0.0,0.0,0.0,0.0,0.0,0.0,0.0,0.0,0.0,0.0,0.0,0.0,0.0,0.0,0.0,0.0,0.0,0.0,0.0,0.0,0.0,0.0,0.0,0.0,0.0,0.0,0.0,0.0,0.0,0.0,0.0,0.0,0.0,0.0,0.0,0.0,0.0,0.0,0.0,0.0,0.0,0.0,0.0
CRV,0.7706037462434648,0.6490068300000003,0.18735845390635486,0.0,112531765.78542194,0.0,358542.93799699366,0.0,86993694.81684794,0.0,71381409.70354535,0.0,275897.3280412936,0.0,0.010265489685794644,0.0,0.0,41150356.08187659,0.0,0.0,0.0,82645.60995570007,0.0,0.0,0.0,0.0,41150356.08187659,0.0,82645.60995570007,0.0,41233001.69183229,0.0,31774305.572589085,0.0,41233001.69183229,31774305.572589085,0.023457478253969176,0.0,26203.8493920052,6555.463311249624,0.0,0.0,28.10024599750263,7.035264245869634,0.0,0.0,0.0,0.0,800.032512792601,68.00276358737109,0.0,0.0,0.0,0.0,0.0,0.0,800.032512792601,68.00276358737109,0.0,0.0,7.706037462306575,0.006935433716075917,0.0,0.0,126.85913290127961,0.11417321961115165,0.0,0.0,26.918769362465635,0.0,0.0,0.0,0.0,0.0,34734.16526737356,0.024782462782220443,0.025281804802862122,0.025559578398583725,0.02696235997541043,291042.9430872564,0.0,1044.1658632670665,0.0,0.0,393865.9406088815,0.0,1378.4128511912409,0.0,395244.3534600727,0.007761676554750863,0.008848677338124904,0.03919830365441621
CVX,4.585672787208454,4.098009778633573,0.11899996215662645,0.0,172123.75634857203,0.0,0.0,0.0,789303.2255197451,0.0,56449.36435571068,0.0,0.0,0.0,4.812272262740487e-05,0.0,0.0,115674.39199286135,0.0,0.0,0.0,0.0,0.0,0.0,0.0,0.0,115674.39199286135,0.0,0.0,0.0,115674.39199286135,0.0,530444.9115385477,0.0,115674.39199286135,530444.9115385477,6.580722778790916e-05,0.0,4533.507333935335,1134.2888424172577,0.0,0.0,0.0,0.0,0.0,0.0,0.0,0.0,0.0,0.0,0.0,0.0,0.0,0.0,0.0,0.0,0.0,0.0,0.0,0.0,0.0,0.0,0.0,0.0,0.0,0.0,0.0,0.0,0.0,0.0,0.0,0.0,0.0,0.0,5667.796176352593,0.004043913153416356,0.004133486554137753,0.08164663886940461,0.08164663886940461,1136.4851529391046,0.0,0.0,0.0,0.0,629.1873425238371,0.0,0.0,0.0,629.1873425238371,7.352614393751216e-05,8.382823811073229e-05,3.244451005626491e-05
DAI,0.9994985715514871,0.9954805961573316,0.004036216687362204,5331502.511168118,308393690.68248343,751147.9343926053,33838635.99830568,24970433.71487653,373098234.9168158,4987519.077336619,127723809.75455831,359694.5049579139,19485377.042353604,18680858.22502575,0.03181768049121159,198350.9040126097,145632.52981888954,178678495.4951713,1991385.4327538402,391453.42943469144,0.0,14353258.955952076,0.0,6289575.48985078,0.0,343983.43383149925,180669880.92792514,391453.42943469144,14353258.955952076,6289575.48985078,199858415.90022776,2189736.3367664497,199758201.20482066,2188638.3406724525,202048152.2369942,201946839.54549313,0.11494530940959326,256.36745986890384,93734.9866036648,10339.60110711579,178.48642191364664,19.849835599409168,5016.210283344941,554.8438631708688,1410.5901088433197,156.89751971466424,0.0,0.0,0.0,0.0,0.0,0.0,6715.659095253105,335.78295476265527,8.937065044691774,0.4468532522345887,6724.596160297797,336.22980801488984,0.0,0.0,281051.791126333,252.9466120136997,0.0,0.0,238705.7709718541,214.83519387466868,166580.7273783377,149.92265464050394,520.5089203820522,1041.0178407641067,0.0,0.0,0.0,0.0,221190.72914118983,0.157817266386498,0.16106773691392404,0.01574664343272195,0.020759627135002713,5993393.156278427,10952.746012281506,3261772.843169929,1597699.1961392846,451416.64450401056,5113136.1580865,11388.506682182482,3322274.380235697,1609374.9622981125,10507590.651806502,0.2676357186350015,0.25635980483115844,0.0773920853339467
DPI,85.98511111270315,66.16221693817785,0.29961048906580423,0.0,113029.86355780241,0.0,275.4558821468113,0.0,9742570.481704358,0.0,108980.58060396955,0.0,275.4558821468113,0.0,0.0017464524687092215,0.0,0.0,4049.2829538328574,0.0,0.0,0.0,0.0,0.0,0.0,0.0,0.0,4049.2829538328574,0.0,0.0,0.0,4049.2829538328574,0.0,348178.0447120931,0.0,4049.2829538328574,348178.0447120931,2.3036393892350986e-06,0.0,11.143804996416202,2.787813958711219,0.0,0.0,0.0,0.0,0.0,0.0,0.0,0.0,444.0443405254875,33.30332553941156,0.0,0.0,0.0,0.0,0.0,0.0,444.0443405254875,33.30332553941156,0.0,0.0,0.0,0.0,0.0,0.0,0.0,0.0,0.0,0.0,13.553547407467807,0.0,0.0,0.0,0.0,0.0,989.5784288199852,0.0007060538347053784,0.0006974051568683372,2.939934285713903e-06,5.951919691647344e-05,17.693463442328262,0.0,0.0,0.0,0.0,0.23386875649340197,0.0,0.0,0.0,0.23386875649340197,5.124532052788024e-07,5.842554363959068e-07,5.9602209912844346e-05
ENJ,0.6189970561569766,0.4466807953250004,0.3857704710734222,140958.00016936797,7858407.901419702,0.0,0.0,0.0,4951583.9442061335,133929.35202830154,5676453.392416458,0.0,0.0,0.0,0.0006686231313729706,0.0,7028.648141066445,226093.97338898634,1955860.5356142574,0.0,0.0,0.0,0.0,0.0,0.0,7028.648141066445,2181954.509003244,0.0,0.0,0.0,233122.6215300528,1955860.5356142574,144302.2164506997,1210671.913798833,2188983.1571443104,1354974.1302495326,0.0012453137705273787,0.0,529.831014122133,132.50286156722308,0.0,0.0,0.0,0.0,0.0,0.0,0.0,0.0,809.4815454634404,52.61630045512363,0.0,0.0,0.0,0.0,0.0,0.0,809.4815454634404,52.61630045512363,0.0,0.0,0.0,0.0,0.0,0.0,0.0,0.0,0.0,0.0,0.0,0.0,0.0,0.0,0.0,0.0,714.9501761444798,0.0005101094554900841,0.0004830357486979582,0.0121622541564336,0.011267180848867667,3641.7720804749442,0.0,0.0,0.0,40.92008069433197,5987.8965867951065,0.0,0.0,0.0,6028.816667489438,9.509975797030988e-05,0.00010842463276985351,0.003179191592624171
ENS,0.0,0.0,0.0,0.0,211404.73621225782,0.0,0.0,0.0,0.0,0.0,196507.43049066685,0.0,0.0,0.0,0.0,0.0,0.0,14897.305721590948,0.0,0.0,0.0,0.0,0.0,0.0,0.0,0.0,14897.305721590948,0.0,0.0,0.0,14897.305721590948,0.0,0.0,0.0,14897.305721590948,0.0,8.475085748515182e-06,0.0,0.0,0.0,0.0,0.0,0.0,0.0,0.0,0.0,0.0,0.0,0.0,0.0,0.0,0.0,0.0,0.0,0.0,0.0,0.0,0.0,0.0,0.0,0.0,0.0,0.0,0.0,0.0,0.0,0.0,0.0,0.0,0.0,0.0,0.0,0.0,0.0,0.0,0.0,0.0,0.0,0.0,0.0,0.0,0.0,0.0,0.0,29.447504850009345,0.0,0.0,0.0,29.447504850009345,0.0,0.0,0.00010745140364955273
ETH,1197.8170492700008,1126.3011976900002,0.06349620485770302,4788.029566136193,874333.916752622,1652.836339405956,74250.91242723027,28495.226717982678,1178078128.4498324,4441.148728876544,568015.6701159459,1561.2768075281324,68397.97940841294,27611.972025128765,0.14920093509030524,26.081562023648097,320.79927523600077,305927.3335403269,390.9130963492599,91.55953187782382,0.0,5852.93301881734,0.0,883.2546928539124,0.0,346.88083725964884,306318.2466366762,91.55953187782382,5852.93301881734,883.2546928539124,313075.880059112,416.99465837290796,375007626.8500142,499483.31125358865,313492.87471748487,375507110.1612678,0.00017834627579190688,86.11646835771994,97168.85657903335,10802.975664045503,11.63642714594917,1.2938663102679329,1125.926046165378,132.27125799173953,51.756552854925005,5.754589132123606,12724.518396324198,636.22591981621,49850.93711495148,2492.546855747574,0.0,0.0,65035.75090349478,3251.787545174739,7249.389861988247,362.4694930994124,134860.5962767587,6743.029813837935,0.0,0.0,4004367.509912623,3603.930758921361,0.0,0.0,1954266.9923054627,1758.8402930749164,508033.44421712053,457.2300997954085,564.2826919941301,0.0,0.0,0.0,0.0,0.0,161182.7506832277,0.11500220285112536,0.11263187485496781,4.505955402516842e-06,5.706442575629356e-06,293613.48573766736,11857.485406474643,252358.37227547402,42127.358737413975,104.54204229620902,246.00870586871,9.931616762909108,211.31968407085125,35.1969515919055,606.999000590585,0.01852837009749585,0.019531730197562203,0.0006806151200295139
FEI,1.0151308120146096,1.011326654782167,0.0037615514378606107,0.0,18594673.625238918,0.0,0.0,0.0,18876026.13633543,0.0,11734738.766228281,0.0,0.0,0.0,0.0022145398930907972,0.0,0.0,6859934.859010639,0.0,0.0,0.0,0.0,0.0,0.0,0.0,0.0,6859934.859010639,0.0,0.0,0.0,6859934.859010639,0.0,6963731.243794796,0.0,6859934.859010639,6963731.243794796,0.0039026208662068526,0.0,1823.018642581003,456.4523890698474,0.0,0.0,0.0,0.0,0.0,0.0,0.0,0.0,0.0,0.0,0.0,0.0,0.0,0.0,0.0,0.0,0.0,0.0,0.0,0.0,0.0,0.0,0.0,0.0,0.0,0.0,0.0,0.0,0.0,0.0,0.0,0.0,0.0,0.0,2279.4710316508504,0.001626378684220167,0.001662403263403654,0.006202582138954512,0.006202582138954512,611442.6145712403,0.0,0.0,0.0,0.0,616132.7261939942,0.0,0.0,0.0,616132.7261939942,0.015938778591080272,0.018172035896005242,0.006758625870050002
FRAX,1.0028642077029395,1.02296314112998,-0.01964775916054895,0.0,82269928.92951474,0.0,0.0,0.0,82505567.09367494,0.0,62640904.20096458,0.0,0.0,0.0,0.011678531104007897,0.0,0.0,19629024.72855016,0.0,0.0,0.0,0.0,0.0,0.0,0.0,0.0,19629024.72855016,0.0,0.0,0.0,19629024.72855016,0.0,19685246.33237886,0.0,19629024.72855016,19685246.33237886,0.011166963398830046,0.0,2892.9530847562214,723.7240522332244,0.0,0.0,0.0,0.0,0.0,0.0,0.0,0.0,0.0,-0.0,0.0,0.0,0.0,0.0,0.0,0.0,0.0,0.0,0.0,0.0,246136.36902782254,221.52273212504028,0.0,0.0,0.0,0.0,0.0,0.0,5.039817452715025,10.079634905429444,0.0,0.0,0.0,0.0,4889.416719428977,0.0034885475710520063,0.003565819524643173,0.002418651120250385,0.002639460084464636,114945.4779704806,0.0,0.0,0.0,0.0,115485.1952269247,0.0,0.0,0.0,115485.1952269247,0.0029513940340395537,0.0033649277467118297,0.03431573886975758
GHST,1.300316930341089,1.1151178203252503,0.1660803070673027,0.0,0.0,0.0,553052.303940526,0.0,719143.2741780117,0.0,0.0,0.0,403154.92253280897,0.0,9.74561512690979e-05,0.0,0.0,0.0,0.0,0.0,0.0,149897.381407717,0.0,0.0,0.0,0.0,0.0,0.0,149897.381407717,0.0,149897.381407717,0.0,194914.10285825003,0.0,149897.381407717,194914.10285825003,8.527670604672375e-05,0.0,0.0,0.0,0.0,0.0,103.71409217192048,23.670524748072463,0.0,0.0,0.0,0.0,0.0,0.0,0.0,0.0,0.0,0.0,0.0,0.0,0.0,0.0,0.0,0.0,0.0,0.0,0.0,0.0,137.92708181219797,0.12413437363097816,0.0,0.0,0.0,0.0,0.0,0.0,0.0,0.0,127.50875129362393,9.09761573084316e-05,9.299129548908134e-05,0.007109619843153705,0.007109619843153705,0.0,0.0,2061.990541773396,0.0,0.0,0.0,0.0,1609.2856130178243,0.0,1609.2856130178243,5.3326256401292116e-05,5.9909261724464894e-05,1.1275083973792855e-06
GUSD,1.0,1.0,0.0,0.0,9214871.53,0.0,0.0,0.0,9214871.53,0.0,7011158.17,0.0,0.0,0.0,0.0013034003610804673,0.0,0.0,2203713.36,0.0,0.0,0.0,0.0,0.0,0.0,0.0,0.0,2203713.36,0.0,0.0,0.0,2203713.36,0.0,2203713.36,0.0,2203713.36,2203713.36,0.0012536937913598745,0.0,416.89,46.34,0.0,0.0,0.0,0.0,0.0,0.0,0.0,0.0,0.0,-0.0,0.0,0.0,0.0,0.0,0.0,0.0,0.0,0.0,0.0,0.0,0.0,0.0,0.0,0.0,0.0,0.0,0.0,0.0,0.0,0.0,0.0,0.0,0.0,0.0,463.23,0.00033050974872257357,0.0003378305988599324,0.0026210687931316175,0.0026210687931316175,84000.07,0.0,0.0,0.0,0.0,85842.87,0.0,0.0,0.0,85842.87,0.0021875751416683595,0.002494086593426472,0.003880681364293522
GUniDAIUSDC,201.39754080933977,201.39754080933977,0.0,0.0,0.0,0.09999975480425624,0.0,0.0,20.139704699114166,0.0,0.0,0.09999975480425624,0.0,0.0,3.744045953662944e-09,0.0,0.0,0.0,0.0,0.0,0.0,0.0,0.0,0.0,0.0,0.0,0.0,0.0,0.0,0.0,0.0,0.0,0.0,0.0,0.0,0.0,0.0,0.0,0.0,0.0,0.0,0.0,0.0,0.0,0.0,0.0,0.0,0.0,0.0,0.0,0.0,0.0,0.0,0.0,0.0,0.0,0.0,0.0,0.0,0.0,0.0,0.0,0.0,0.0,0.0,0.0,0.0,0.0,0.0,0.0,0.0,0.0,0.0,0.0,0.0,0.0,0.0,0.0,0.0,0.0,0.0,0.0,0.0,0.0,0.0,0.0,0.0,0.0,0.0,0.0,0.0,0.0
GUniUSDCUSDT,301262456.89955497,301262456.89955497,0.0,0.0,0.0,4e-18,0.0,0.0,1.20504982759822e-09,0.0,0.0,4e-18,0.0,0.0,2.240232415711533e-19,0.0,0.0,0.0,0.0,0.0,0.0,0.0,0.0,0.0,0.0,0.0,0.0,0.0,0.0,0.0,0.0,0.0,0.0,0.0,0.0,0.0,0.0,0.0,0.0,0.0,0.0,0.0,0.0,0.0,0.0,0.0,0.0,0.0,0.0,0.0,0.0,0.0,0.0,0.0,0.0,0.0,0.0,0.0,0.0,0.0,0.0,0.0,0.0,0.0,0.0,0.0,0.0,0.0,0.0,0.0,0.0,0.0,0.0,0.0,0.0,0.0,0.0,0.0,0.0,0.0,0.0,0.0,0.0,0.0,0.0,0.0,0.0,0.0,0.0,0.0,0.0,0.0
KNC,1.5111784236791408,1.1744733186304157,0.28668604020853006,88452.98483674997,375262.22017365944,0.0,0.0,0.0,700756.41254368,64498.71496462891,124617.78925186419,0.0,0.0,0.0,5.312919648493784e-05,510.91752592898206,23443.35234619207,235212.01479281567,15432.416128979594,0.0,0.0,0.0,0.0,0.0,0.0,23954.26987212105,250644.43092179525,0.0,0.0,0.0,258655.36713900772,15943.333654908576,390874.4099892751,24093.221820815335,274598.7007939163,414967.63181009045,0.0001562193579934646,32.85907267641097,541.6966264275736,135.25259772574273,0.0,0.0,0.0,0.0,0.0,0.0,0.0,0.0,0.0,0.0,0.0,0.0,0.0,0.0,0.0,0.0,0.0,0.0,0.0,0.0,0.0,0.0,0.0,0.0,0.0,0.0,0.0,0.0,0.0,0.0,0.0,0.0,0.0,0.0,709.8082968297273,0.0005064407785039636,0.0005176585324649427,0.03494855898764296,0.03494855898764296,15851.27476611219,0.0,0.0,0.0,811.6396806721493,10726.05151753125,0.0,0.0,0.0,11537.6911982034,0.00044431748674633585,0.0005065729015707477,0.00011294384033494366
LEND,4.890940058215641,4.890940058215641,0.0,149233.3270537073,0.0,0.0,0.0,0.0,729891.2573077729,144089.84803827756,0.0,0.0,0.0,0.0,0.0001310128203109037,1360.8958455403638,3782.583169889373,0.0,0.0,0.0,0.0,0.0,0.0,0.0,0.0,5143.479015429737,0.0,0.0,0.0,0.0,3782.583169889373,1360.8958455403638,18500.387549144234,6656.060006012611,5143.479015429737,25156.447555156847,2.9261281547224735e-06,0.0,0.0,0.0,0.0,0.0,0.0,0.0,0.0,0.0,0.0,0.0,0.0,0.0,0.0,0.0,0.0,0.0,0.0,0.0,0.0,0.0,0.0,0.0,0.0,0.0,0.0,0.0,0.0,0.0,0.0,0.0,0.0,0.0,0.0,0.0,0.0,0.0,0.0,0.0,0.0,0.0,0.0,0.0,0.0,0.0,0.0,97.6258883385304,0.0,0.0,0.0,0.0,97.6258883385304,1.2167912825004489e-05,1.3872816374975298e-05,7.905025542919767e-05
LINK,6.9050163733505965,6.571954548769003,0.05067926476210638,592447.8500443962,19043555.730759148,0.0,121052.22878338784,0.0,136422793.8543993,582993.3174835511,14210577.987636767,0.0,105489.48141666315,0.0,0.01912545063991841,131.40741791620871,9323.125142929002,4831896.814498001,1080.928624381201,0.0,0.0,15562.74736672467,0.0,0.0,0.0,9454.532560845211,4832977.743122382,0.0,15562.74736672467,0.0,4856782.687007654,1212.3360422974097,33536163.97559356,8371.200222066675,4857995.0230499515,33544535.175815627,0.0027637161481177818,3.5713707779109436,20380.46551344848,5098.119939119893,0.0,0.0,33.75425162172665,3.759663220651872,0.0,0.0,0.0,0.0,7518.866713172131,473.68860292984425,0.0,0.0,0.0,0.0,0.0,0.0,7518.866713172131,473.68860292984425,0.0,0.0,118542.78103023575,106.68850292721217,0.0,0.0,606.6125994298994,0.5459513394869094,0.0,0.0,165.09668494211664,0.0,0.0,0.0,0.0,0.0,37579.34401934601,0.0268124679942862,0.02706091097385352,0.0014446736863236694,0.0020538063008883607,35997.311246015786,0.0,138.07343018047487,0.0,142.01349918022612,5504.86090561298,0.0,20.1891464977943,0.0,5667.063551291,0.000997198338564111,0.001136881764534225,0.008110607081350377
MANA,0.9927926102653936,0.8186729605000005,0.21268523350160518,154540.60299640038,12871878.466701448,0.0,0.0,0.0,12932532.590616226,138248.52033615962,10427002.98532303,0.0,0.0,0.0,0.001949963346249503,1796.2005179075513,14495.882142333194,1851714.9359630647,593160.5454153533,0.0,0.0,0.0,0.0,0.0,0.0,16292.082660240745,2444875.481378418,0.0,0.0,0.0,1866210.8181053977,594956.7459332608,1852760.3094123735,590668.6607900865,2461167.5640386585,2443428.97020246,0.0014001596353400393,2.0135637549169547,840.4474865391953,450.9917343381556,0.0,0.0,0.0,0.0,0.0,0.0,0.0,0.0,221.23703348883797,16.592777511662845,0.0,0.0,0.0,0.0,0.0,0.0,221.23703348883797,16.592777511662845,0.0,0.0,0.0,0.0,0.0,0.0,0.0,0.0,0.0,0.0,0.0,0.0,0.0,0.0,0.0,0.0,1310.0455621439307,0.0009347037747108631,0.0009433066270089722,0.005320045047401616,0.005252662410969419,96567.79248930064,0.0,0.0,0.0,331.0978130870879,98077.58885243018,0.0,0.0,0.0,98408.68666551728,0.0024897212288245603,0.00283856779129647,0.005830563459179199
MATIC,0.5770059584514041,0.32274850411255335,0.7877881728312599,0.0,0.0,0.0,57516387.848118074,0.0,33187298.496966064,0.0,0.0,0.0,38105767.93879194,0.0,0.004087512449366064,0.0,0.0,0.0,0.0,0.0,0.0,19410619.909326136,0.0,0.0,0.0,0.0,0.0,0.0,19410619.909326136,0.0,19410619.909326136,0.0,11200043.344916634,0.0,19410619.909326136,11200043.344916634,0.011042712772213055,0.0,0.0,0.0,0.0,0.0,12447.716621162077,3114.5312767743403,0.0,0.0,0.0,0.0,0.0,0.0,0.0,0.0,46.81976640594967,4.681976640594967,0.0,0.0,46.81976640594967,4.681976640594967,0.0,0.0,0.0,0.0,0.0,0.0,994783.8508060421,895.3054657254379,0.0,0.0,0.0,0.0,0.0,0.0,0.0,0.0,16462.23534030245,0.01174563233325828,0.012002385658560929,0.044823692833651584,0.044810944657085405,0.0,0.0,468468.6493055236,0.0,0.0,0.0,0.0,821474.2806204116,0.0,821474.2806204116,0.012079056683164151,0.013610930968099203,0.00025616137673775837
MKR,1057.749623758108,895.7483524113183,0.18085578489839138,532.3579879302728,32799.53023168119,0.0,0.0,0.0,35256792.22344133,529.5372116105958,20756.875804464154,0.0,0.0,0.0,0.00418575144779321,0.03013960272142594,2.790636716955478,11936.039988564453,106.61443865257942,0.0,0.0,0.0,0.0,0.0,0.0,2.820776319676904,12042.654427217032,0.0,0.0,0.0,11938.830625281409,106.64457825530084,12628293.602003189,112803.26252538658,12045.47520353671,12741096.864528576,6.852677735117644e-06,0.0,10343.677443417462,2587.058953232429,0.0,0.0,0.0,0.0,0.0,0.0,0.0,0.0,0.0,0.0,0.0,0.0,0.0,0.0,0.0,0.0,0.0,0.0,0.0,0.0,13098.781667307368,11.788903500576632,0.0,0.0,0.0,0.0,0.0,0.0,66.50242540355474,0.0,0.0,0.0,0.0,0.0,17566.268840262306,0.012533348661330802,0.012810964579237926,1.8095241086525545e-05,2.45598028424617e-05,20240.085872643867,0.0,0.0,0.0,0.4900958591312908,20.25395124218109,0.0,0.0,0.0,20.74404710131238,0.0005591587431253827,0.0006375051070303467,2.3637551546627022e-05
PAX,0.9822793095005463,0.995971896025726,-0.013747964756654185,0.0,1005787.9505825916,0.0,0.0,0.0,987964.6936022376,0.0,156000.33506730184,0.0,0.0,0.0,2.848712358040882e-05,0.0,0.0,849787.6155152897,0.0,0.0,0.0,0.0,0.0,0.0,0.0,0.0,849787.6155152897,0.0,0.0,0.0,849787.6155152897,0.0,834728.7921904746,0.0,849787.6155152897,834728.7921904746,0.0004834446606731244,0.0,848.3419810452017,94.3141337230673,0.0,0.0,0.0,0.0,0.0,0.0,0.0,0.0,0.0,-0.0,0.0,0.0,0.0,0.0,0.0,0.0,0.0,0.0,0.0,0.0,0.0,0.0,0.0,0.0,0.0,0.0,0.0,0.0,5.684506088985561,11.369012177971728,0.0,0.0,0.0,0.0,2128.3436208183593,0.001518550860937263,0.0015521870345201803,0.05064632002534182,0.07188089607793283,25625.855302502398,0.0,0.0,0.0,0.0,26675.593215447152,0.0,0.0,0.0,26675.593215447152,0.0006677406768031477,0.0007613009666173687,9.962977742087604e-05
RAI,3.0401041457080025,3.0198084850992557,0.006720843625975803,0.0,787184.2831189707,0.0,0.0,0.0,2393122.202546165,0.0,184563.19757546985,0.0,0.0,0.0,0.00010430896581596432,0.0,0.0,602621.0855435008,0.0,0.0,0.0,0.0,0.0,0.0,0.0,0.0,602621.0855435008,0.0,0.0,0.0,602621.0855435008,0.0,1832030.8604518536,0.0,602621.0855435008,1832030.8604518536,0.00034283148035570057,0.0,1205.0991652546286,301.53854352864863,0.0,0.0,0.0,0.0,0.0,0.0,0.0,0.0,0.0,-0.0,0.0,0.0,0.0,0.0,0.0,0.0,0.0,0.0,0.0,0.0,0.0,0.0,0.0,0.0,0.0,0.0,0.0,0.0,5.955196855127789,11.910393710256184,0.0,0.0,0.0,0.0,2748.786524645287,0.00196123036839693,0.002004671972365843,0.01079758227972042,0.01376494109127312,192949.13862633976,0.0,0.0,0.0,0.0,65022.52810001485,0.0,0.0,0.0,65022.52810001485,0.005037453650651489,0.005743274996951772,0.00020901020585501772
REN,0.14007806866862738,0.10414123041650915,0.345077911105814,316587.0404800138,35173378.27248447,0.0,0.0,0.0,4971365.798156641,282861.43193523074,30208127.851568986,0.0,0.0,0.0,0.0007940168755690125,0.0,33725.608544783056,925365.4302027615,4039884.990712723,0.0,0.0,0.0,0.0,0.0,0.0,33725.608544783056,4965250.420915484,0.0,0.0,0.0,959091.0387475446,4039884.990712723,134347.6203851437,565899.2871424139,4998976.029460268,700246.9075275576,0.002843920323326975,0.0,161.68746806235794,40.42962805289499,0.0,0.0,0.0,0.0,0.0,0.0,0.0,0.0,1521.1327491861605,114.08495618896204,0.0,0.0,0.0,0.0,0.0,0.0,1521.1327491861605,114.08495618896204,0.0,0.0,0.0,0.0,0.0,0.0,0.0,0.0,0.0,0.0,0.0,0.0,0.0,0.0,0.0,0.0,316.202052304215,0.00022560684941093657,0.00014740267171911667,0.023674992266288324,0.01513311078325813,1840.4522607564372,0.0,0.0,0.0,355.50599773540847,13293.743003822412,0.0,0.0,0.0,13649.24900155782,4.872340740733246e-05,5.555027339906877e-05,0.016673695400869333
REP,27.209696110475214,27.209696110475214,0.0,189.44619372478263,0.0,0.0,0.0,0.0,5154.7733605375515,185.36345672112984,0.0,0.0,0.0,0.0,9.376394756286757e-07,0.5798672002067817,3.5028698034460257,0.0,0.0,0.0,0.0,0.0,0.0,0.0,0.0,4.082737003652808,0.0,0.0,0.0,0.0,3.5028698034460257,0.5798672002067817,95.3120228663264,15.778010302058622,4.082737003652808,111.09003316838502,2.3226714173184222e-09,0.0,0.0,0.0,0.0,0.0,0.0,0.0,0.0,0.0,0.0,0.0,0.0,0.0,0.0,0.0,0.0,0.0,0.0,0.0,0.0,0.0,0.0,0.0,0.0,0.0,0.0,0.0,0.0,0.0,0.0,0.0,0.0,0.0,0.0,0.0,0.0,0.0,0.0,0.0,0.0,0.0,0.0,0.0,0.0,0.0,0.0,0.27646159514590646,0.0,0.0,0.0,0.0,0.27646159514590646,1.9169785419355002e-07,2.1855754301912717e-07,1.0547112577001036e-07
RenFIL,5.374354891916149,5.374354891916149,0.0,0.0,77352.82302232087,0.0,0.0,0.0,415721.5228135343,0.0,49984.30401045058,0.0,0.0,0.0,4.993994536154918e-05,0.0,0.0,27368.51901187029,0.0,0.0,0.0,0.0,0.0,0.0,0.0,0.0,27368.51901187029,0.0,0.0,0.0,27368.51901187029,0.0,147088.13403594523,0.0,27368.51901187029,147088.13403594523,1.5569966124767003e-05,0.0,0.0,0.0,0.0,0.0,0.0,0.0,0.0,0.0,0.0,0.0,0.0,-0.0,0.0,0.0,0.0,0.0,0.0,0.0,0.0,0.0,0.0,0.0,0.0,0.0,0.0,0.0,0.0,0.0,0.0,0.0,0.0,0.0,0.0,0.0,0.0,0.0,0.0,0.0,0.0,0.0,0.0,1020.4076009101848,0.0,0.0,0.0,0.0,0.0,0.0,0.0,0.0,0.0,0.0,0.0,2.733170757440632e-05
SNX,2.6845538894310965,2.0673258483599954,0.2985635000697866,102449.28443148674,8260011.545416023,0.0,0.0,0.0,22449476.745982327,94959.40256088584,2880270.6076354072,0.0,0.0,0.0,0.0014848437131446336,0.0,7489.8818706009015,5379740.937780615,0.0,0.0,0.0,0.0,0.0,0.0,0.0,7489.8818706009015,5379740.937780615,0.0,0.0,0.0,5387230.819651216,0.0,14462311.450157747,0.0,5387230.819651216,14462311.450157747,0.003064798695606809,27.254741875209145,21282.69082003928,11467.993412029602,0.0,0.0,0.0,0.0,0.0,0.0,0.0,0.0,1925.4814110491707,144.4111058286878,0.0,0.0,0.0,0.0,0.0,0.0,1925.4814110491707,144.4111058286878,0.0,0.0,21476.43111544873,19.328788003903856,0.0,0.0,0.0,0.0,0.0,0.0,0.0,0.0,0.0,0.0,0.0,0.0,32941.67886777668,0.023503542527661382,0.023918832133040704,0.02849957651519932,0.028374638882945395,152845.35479668964,0.0,0.0,0.0,22.15684511234211,62458.92133436734,0.0,0.0,0.0,62481.07817947968,0.004274441642093359,0.0048733537837691715,0.0017185908669515289
STETH,1157.3168840798967,1058.0331010867126,0.09383806885740076,0.0,1314349.7679628676,0.0,0.0,0.0,1521119178.0499213,0.0,1314349.7679628676,0.0,0.0,0.0,0.2827817085057562,0.0,0.0,0.0,0.0,0.0,0.0,0.0,0.0,0.0,0.0,0.0,0.0,0.0,0.0,0.0,0.0,0.0,0.0,0.0,0.0,0.0,0.0,0.0,0.0,0.0,0.0,0.0,0.0,0.0,0.0,0.0,0.0,0.0,1001.7435327382574,75.1307649553693,0.0,0.0,0.0,0.0,0.0,0.0,1001.7435327382574,75.1307649553693,0.0,0.0,0.0,0.0,0.0,0.0,0.0,0.0,0.0,0.0,0.0,0.0,0.0,0.0,0.0,0.0,75.1307649553693,5.3605013161353625e-05,0.0,2.2252218029627703e-09,0.0,0.0,0.0,0.0,0.0,0.0,0.0,0.0,0.0,0.0,0.0,0.0,0.0,0.00071869408246515
SUSHI,1.2171218327857003,0.8721633989009387,0.39552042004911314,0.0,0.0,0.0,36004.41952434799,0.0,43821.76507985968,0.0,0.0,0.0,36004.41952434799,0.0,8.146628993861725e-06,0.0,0.0,0.0,0.0,0.0,0.0,0.0,0.0,0.0,0.0,0.0,0.0,0.0,0.0,0.0,0.0,0.0,0.0,0.0,0.0,0.0,0.0,0.0,0.0,0.0,0.0,0.0,0.0,0.0,0.0,0.0,0.0,0.0,0.0,0.0,0.0,0.0,0.0,0.0,0.0,0.0,0.0,0.0,0.0,0.0,0.0,0.0,0.0,0.0,0.0,0.0,0.0,0.0,0.0,0.0,0.0,0.0,0.0,0.0,0.0,0.0,0.0,0.0,0.0,0.0,0.0,0.0,0.0,0.0,0.0,0.0,0.0,0.0,0.0,0.0,0.0,0.0
TUSD,0.9900157857899011,1.001968001210788,-0.011928739646818842,2006111.9090770814,77778649.73840056,0.0,0.0,0.0,78988173.49648754,1627267.9379619788,53728434.64685429,0.0,0.0,0.0,0.010188084982888188,0.0,378843.97111510264,23227086.91080207,823128.1807442167,0.0,0.0,0.0,0.0,0.0,0.0,378843.97111510264,24050215.091546286,0.0,0.0,0.0,23605930.88191717,823128.1807442167,23370244.211363323,814909.8926652974,24429059.062661387,24185154.10402862,0.013897705677848347,100.19366221308044,13930.164755412077,1545.1333184316204,0.0,0.0,0.0,0.0,0.0,0.0,0.0,0.0,0.0,0.0,0.0,0.0,0.0,0.0,0.0,0.0,0.0,0.0,0.0,0.0,35640.56828843513,32.07651145959162,0.0,0.0,0.0,0.0,0.0,0.0,38.802932868294405,77.60586573658881,0.0,0.0,0.0,0.0,23701.174267075745,0.016910539368005375,0.01728511084413751,0.010406437460513765,0.012205257185595649,280191.9436660889,0.0,0.0,0.0,1691.8464970049092,287436.958621857,0.0,0.0,0.0,289128.8051188619,0.007294444620967905,0.008316503597573787,0.03042533832550183
UNI,5.735301508798996,4.141822115538313,0.38472907546720614,8998.42981239356,1888659.8058766,0.0,0.0,0.0,10883642.142331926,8998.42981239356,1789571.5026765394,0.0,0.0,0.0,0.0019176602009649299,0.0,0.0,99086.76966187198,1.533538188915585,0.0,0.0,0.0,0.0,0.0,0.0,0.0,99088.3032000609,0.0,0.0,0.0,99086.76966187198,1.533538188915585,568292.4995437529,8.795303888688434,99088.3032000609,568301.2948476416,5.637139238394468e-05,0.0,100.19090269389962,25.064566407700834,0.0,0.0,0.0,0.0,0.0,0.0,0.0,0.0,1435.4866067007001,129.193794603063,0.0,0.0,0.0,0.0,0.0,0.0,1435.4866067007001,129.193794603063,0.0,0.0,0.0,0.0,0.0,0.0,0.0,0.0,0.0,0.0,0.0,0.0,0.0,0.0,0.0,0.0,254.44926370466345,0.00018154688213127855,9.134799157454275e-05,0.0002125405096967064,0.00010462542063416592,8599.876459327817,0.0,0.0,0.0,51.43334368645952,1504.295193836943,0.0,0.0,0.0,1555.7285375234026,0.00022737819934135175,0.00025923722930139737,0.000988347393444558
USDC,0.9939093009920787,0.9949648811824183,-0.0010609220589626878,7412764.466495,1583499425.91568,490887.813676,144901764.297641,40778510.157173,1766259672.8376822,6344944.250791,987324123.935925,213681.798581,92303245.809107,27152455.905883,0.20571314109238456,572422.534448,495397.681256,591172681.537119,5002620.442636,277206.015095,0.0,52598518.488534,0.0,13626054.25129,0.0,1067820.215704,596175301.979755,277206.015095,52598518.488534,13626054.25129,658169857.973294,5575042.977084,654161143.4722924,5541087.068354356,663744900.9503781,659702230.5406468,0.3776048539126993,719.4530173970586,189378.64166937713,20953.43168572284,96.72021629469809,10.760902939808883,14985.71574000463,1632.0218993439094,4496.5399768209145,500.0870441160437,0.0,0.0,42879.02128344871,1929.555957755192,0.0,0.0,393144.38422233803,19657.219211116902,223.52023387673887,11.176011693836944,436246.9257396635,21597.95118056593,0.0,0.0,3697560.2586136567,3327.8042327522908,0.0,0.0,3138942.4824111904,2825.0482341700713,706293.2130918744,635.663891782687,1151.0909062194287,2302.1818124388574,0.0,0.0,0.0,0.0,501257.05912724586,0.3576416567527194,0.3498122394625733,0.007756684234398618,0.009492240584456602,16605027.40764911,44710.863246853936,3556447.5536215585,1917584.2417844266,358577.131931,11774788.092262,46779.131048,3643353.259588,1945701.748559,17769199.363388,0.450063056594656,0.45370613795210707,0.5518828857701372
USDT,1.0046658919957936,1.0003730315922228,0.0042912596281590165,7547080.426755,576537948.877985,316512.861733,51120832.792238,35776841.418171,674431426.0173573,6593001.385755,292085320.81782,250317.585799,31186968.355394,27902694.703543,0.06686748055162825,99202507.615276,-98248428.574276,275379863.784954,9072764.275211,66195.275934,0.0,19933864.436844,0.0,7874146.714628,0.0,954079.0409999937,284452628.060165,66195.275934,19933864.436844,7874146.714628,205005641.63808402,108275271.890487,205962175.8204957,108780472.61494319,313280913.528571,314742648.4354389,0.17822569095026003,127.60567515469276,144219.7970513358,15907.147161632929,8.716349667723653,0.9697899202210516,5942.167063300649,644.0259086509274,1637.9082213043157,182.12627696332171,0.0,0.0,0.0,-0.0,0.0,-0.0,0.0,-0.0,0.0,-0.0,0.0,0.0,0.0,0.0,26641.973091339107,23.977775782205196,0.0,0.0,45749.35661586977,41.174420954282795,1369.6442145534832,1.2326797930981348,420.1944531988829,840.3889063977672,0.0,0.0,0.0,0.0,256381.9850794432,0.1829258585704755,0.18697769910473533,0.01298438855072639,0.015232501555329363,5711816.042450059,27391.27584106989,1255797.497488282,506053.8630487897,2676.887944,4833504.256724,28802.451992,1296260.914628,508446.689549,6669691.200837,0.17075999603191244,0.17765251289327869,0.1666625083150499
UniAAVEWETH,1809.6807322199522,1809.6807322199522,0.0,0.0,0.0,0.5094527655173889,0.0,0.0,921.9468537329881,0.0,0.0,0.5094527655173889,0.0,0.0,1.713933465649624e-07,0.0,0.0,0.0,0.0,0.0,0.0,0.0,0.0,0.0,0.0,0.0,0.0,0.0,0.0,0.0,0.0,0.0,0.0,0.0,0.0,0.0,0.0,0.0,0.0,0.0,0.0,0.0,0.0,0.0,0.0,0.0,0.0,0.0,0.0,0.0,0.0,0.0,0.0,0.0,0.0,0.0,0.0,0.0,0.0,0.0,0.0,0.0,0.0,0.0,0.0,0.0,0.0,0.0,0.0,0.0,0.0,0.0,0.0,0.0,0.0,0.0,0.0,0.0,0.0,0.0,0.0,0.0,0.0,0.0,0.0,0.0,0.0,0.0,0.0,0.0,0.0,0.0
UniBATWETH,107.99691490103855,107.99691490103855,0.0,0.0,0.0,0.0,0.0,0.0,0.0,0.0,0.0,0.0,0.0,0.0,0.0,0.0,0.0,0.0,0.0,0.0,0.0,0.0,0.0,0.0,0.0,0.0,0.0,0.0,0.0,0.0,0.0,0.0,0.0,0.0,0.0,0.0,0.0,0.0,0.0,0.0,0.0,0.0,0.0,0.0,0.0,0.0,0.0,0.0,0.0,0.0,0.0,0.0,0.0,0.0,0.0,0.0,0.0,0.0,0.0,0.0,0.0,0.0,0.0,0.0,0.0,0.0,0.0,0.0,0.0,0.0,0.0,0.0,0.0,0.0,0.0,0.0,0.0,0.0,0.0,0.0,0.0,0.0,0.0,0.0,0.0,0.0,0.0,0.0,0.0,0.0,0.0,0.0
UniCRVWETH,1032.0569830228658,1032.0569830228658,0.0,0.0,0.0,4.1362733031869e-05,0.0,0.0,0.04268869746245095,0.0,0.0,4.1362733031869e-05,0.0,0.0,7.935987512689847e-12,0.0,0.0,0.0,0.0,0.0,0.0,0.0,0.0,0.0,0.0,0.0,0.0,0.0,0.0,0.0,0.0,0.0,0.0,0.0,0.0,0.0,0.0,0.0,0.0,0.0,0.0,0.0,0.0,0.0,0.0,0.0,0.0,0.0,0.0,0.0,0.0,0.0,0.0,0.0,0.0,0.0,0.0,0.0,0.0,0.0,0.0,0.0,0.0,0.0,0.0,0.0,0.0,0.0,0.0,0.0,0.0,0.0,0.0,0.0,0.0,0.0,0.0,0.0,0.0,0.0,0.0,0.0,0.0,0.0,0.0,0.0,0.0,0.0,0.0,0.0,0.0,0.0
UniDAIUSDC,2227947.783901614,2227947.783901614,0.0,0.0,0.0,9.089043296401e-06,0.0,0.0,20.24991387000243,0.0,0.0,9.089043296401e-06,0.0,0.0,3.764534248128299e-09,0.0,0.0,0.0,0.0,0.0,0.0,0.0,0.0,0.0,0.0,0.0,0.0,0.0,0.0,0.0,0.0,0.0,0.0,0.0,0.0,0.0,0.0,0.0,0.0,0.0,0.0,0.0,0.0,0.0,0.0,0.0,0.0,0.0,0.0,0.0,0.0,0.0,0.0,0.0,0.0,0.0,0.0,0.0,0.0,0.0,0.0,0.0,0.0,0.0,0.0,0.0,0.0,0.0,0.0,0.0,0.0,0.0,0.0,0.0,0.0,0.0,0.0,0.0,0.0,0.0,0.0,0.0,0.0,0.0,0.0,0.0,0.0,0.0,0.0,0.0,0.0,0.0
UniDAIWETH,149.13506882564894,149.13506882564894,0.0,0.0,0.0,4.8968310062075044,0.0,0.0,730.289229138328,0.0,0.0,4.8968310062075044,0.0,0.0,1.3576348184883024e-07,0.0,0.0,0.0,0.0,0.0,0.0,0.0,0.0,0.0,0.0,0.0,0.0,0.0,0.0,0.0,0.0,0.0,0.0,0.0,0.0,0.0,0.0,0.0,0.0,0.0,0.0,0.0,0.0,0.0,0.0,0.0,0.0,0.0,0.0,0.0,0.0,0.0,0.0,0.0,0.0,0.0,0.0,0.0,0.0,0.0,0.0,0.0,0.0,0.0,0.0,0.0,0.0,0.0,0.0,0.0,0.0,0.0,0.0,0.0,0.0,0.0,0.0,0.0,0.0,0.0,0.0,0.0,0.0,0.0,0.0,0.0,0.0,0.0,0.0,0.0,0.0,0.0
UniLINKWETH,299.50547679095587,299.50547679095587,0.0,0.0,0.0,157.99458211357938,0.0,0.0,47320.24264631542,0.0,0.0,157.99458211357938,0.0,0.0,8.797008975711476e-06,0.0,0.0,0.0,0.0,0.0,0.0,0.0,0.0,0.0,0.0,0.0,0.0,0.0,0.0,0.0,0.0,0.0,0.0,0.0,0.0,0.0,0.0,0.0,0.0,0.0,0.0,0.0,0.0,0.0,0.0,0.0,0.0,0.0,0.0,0.0,0.0,0.0,0.0,0.0,0.0,0.0,0.0,0.0,0.0,0.0,0.0,0.0,0.0,0.0,0.0,0.0,0.0,0.0,0.0,0.0,0.0,0.0,0.0,0.0,0.0,0.0,0.0,0.0,0.0,0.0,0.0,0.0,0.0,0.0,0.0,0.0,0.0,0.0,0.0,0.0,0.0,0.0
UniMKRWETH,3756.651640364646,3756.651640364646,0.0,0.0,0.0,0.5823148090138052,0.0,0.0,2187.553882490337,0.0,0.0,0.5823148090138052,0.0,0.0,4.066743968950972e-07,0.0,0.0,0.0,0.0,0.0,0.0,0.0,0.0,0.0,0.0,0.0,0.0,0.0,0.0,0.0,0.0,0.0,0.0,0.0,0.0,0.0,0.0,0.0,0.0,0.0,0.0,0.0,0.0,0.0,0.0,0.0,0.0,0.0,0.0,0.0,0.0,0.0,0.0,0.0,0.0,0.0,0.0,0.0,0.0,0.0,0.0,0.0,0.0,0.0,0.0,0.0,0.0,0.0,0.0,0.0,0.0,0.0,0.0,0.0,0.0,0.0,0.0,0.0,0.0,0.0,0.0,0.0,0.0,0.0,0.0,0.0,0.0,0.0,0.0,0.0,0.0,0.0
UniRENWETH,214.48881297612851,214.48881297612851,0.0,0.0,0.0,0.0,0.0,0.0,0.0,0.0,0.0,0.0,0.0,0.0,0.0,0.0,0.0,0.0,0.0,0.0,0.0,0.0,0.0,0.0,0.0,0.0,0.0,0.0,0.0,0.0,0.0,0.0,0.0,0.0,0.0,0.0,0.0,0.0,0.0,0.0,0.0,0.0,0.0,0.0,0.0,0.0,0.0,0.0,0.0,0.0,0.0,0.0,0.0,0.0,0.0,0.0,0.0,0.0,0.0,0.0,0.0,0.0,0.0,0.0,0.0,0.0,0.0,0.0,0.0,0.0,0.0,0.0,0.0,0.0,0.0,0.0,0.0,0.0,0.0,0.0,0.0,0.0,0.0,0.0,0.0,0.0,0.0,0.0,0.0,0.0,0.0,0.0
UniSNXWETH,466.3044655761458,466.3044655761458,0.0,0.0,0.0,0.0,0.0,0.0,0.0,0.0,0.0,0.0,0.0,0.0,0.0,0.0,0.0,0.0,0.0,0.0,0.0,0.0,0.0,0.0,0.0,0.0,0.0,0.0,0.0,0.0,0.0,0.0,0.0,0.0,0.0,0.0,0.0,0.0,0.0,0.0,0.0,0.0,0.0,0.0,0.0,0.0,0.0,0.0,0.0,0.0,0.0,0.0,0.0,0.0,0.0,0.0,0.0,0.0,0.0,0.0,0.0,0.0,0.0,0.0,0.0,0.0,0.0,0.0,0.0,0.0,0.0,0.0,0.0,0.0,0.0,0.0,0.0,0.0,0.0,0.0,0.0,0.0,0.0,0.0,0.0,0.0,0.0,0.0,0.0,0.0,0.0,0.0
UniUNIWETH,313.7082975529821,313.7082975529821,0.0,0.0,0.0,742.8078471230209,0.0,0.0,233024.9851299587,0.0,0.0,742.8078471230209,0.0,0.0,4.332021078325761e-05,0.0,0.0,0.0,0.0,0.0,0.0,0.0,0.0,0.0,0.0,0.0,0.0,0.0,0.0,0.0,0.0,0.0,0.0,0.0,0.0,0.0,0.0,0.0,0.0,0.0,0.0,0.0,0.0,0.0,0.0,0.0,0.0,0.0,0.0,0.0,0.0,0.0,0.0,0.0,0.0,0.0,0.0,0.0,0.0,0.0,0.0,0.0,0.0,0.0,0.0,0.0,0.0,0.0,0.0,0.0,0.0,0.0,0.0,0.0,0.0,0.0,0.0,0.0,0.0,0.0,0.0,0.0,0.0,0.0,0.0,0.0,0.0,0.0,0.0,0.0,0.0,0.0
UniUSDCWETH,210913246.94826862,210913246.94826862,0.0,0.0,0.0,0.000423577306962191,0.0,0.0,89338.06514499917,0.0,0.0,0.000423577306962191,0.0,0.0,1.6608278339300712e-05,0.0,0.0,0.0,0.0,0.0,0.0,0.0,0.0,0.0,0.0,0.0,0.0,0.0,0.0,0.0,0.0,0.0,0.0,0.0,0.0,0.0,0.0,0.0,0.0,0.0,0.0,0.0,0.0,0.0,0.0,0.0,0.0,0.0,0.0,0.0,0.0,0.0,0.0,0.0,0.0,0.0,0.0,0.0,0.0,0.0,0.0,0.0,0.0,0.0,0.0,0.0,0.0,0.0,0.0,0.0,0.0,0.0,0.0,0.0,0.0,0.0,0.0,0.0,0.0,0.0,0.0,0.0,0.0,0.0,0.0,0.0,0.0,0.0,0.0,0.0,0.0,0.0
UniWBTCUSDC,46346853718596.91,46346853718596.91,0.0,0.0,0.0,1.412207e-11,0.0,0.0,654.5135124937858,0.0,0.0,1.412207e-11,0.0,0.0,1.2167649450082872e-07,0.0,0.0,0.0,0.0,0.0,0.0,0.0,0.0,0.0,0.0,0.0,0.0,0.0,0.0,0.0,0.0,0.0,0.0,0.0,0.0,0.0,0.0,0.0,0.0,0.0,0.0,0.0,0.0,0.0,0.0,0.0,0.0,0.0,0.0,0.0,0.0,0.0,0.0,0.0,0.0,0.0,0.0,0.0,0.0,0.0,0.0,0.0,0.0,0.0,0.0,0.0,0.0,0.0,0.0,0.0,0.0,0.0,0.0,0.0,0.0,0.0,0.0,0.0,0.0,0.0,0.0,0.0,0.0,0.0,0.0,0.0,0.0,0.0,0.0,0.0,0.0,0.0
UniWBTCWETH,1246217309.754842,1194906004.7114742,0.04294170825240573,0.0,0.0,3.3224377763609e-05,0.0,0.0,41404.794674843404,0.0,0.0,3.3224377763609e-05,0.0,0.0,7.697305212792468e-06,0.0,0.0,0.0,0.0,0.0,0.0,0.0,0.0,0.0,0.0,0.0,0.0,0.0,0.0,0.0,0.0,0.0,0.0,0.0,0.0,0.0,0.0,0.0,0.0,0.0,0.0,0.0,0.0,0.0,0.0,0.0,0.0,0.0,0.0,0.0,0.0,0.0,0.0,0.0,0.0,0.0,0.0,0.0,0.0,0.0,0.0,0.0,0.0,0.0,0.0,0.0,0.0,0.0,0.0,0.0,0.0,0.0,0.0,0.0,0.0,0.0,0.0,0.0,0.0,0.0,0.0,0.0,0.0,0.0,0.0,0.0,0.0,0.0,0.0,0.0,0.0,0.0
UniYFIWETH,49439.5607256717,49439.5607256717,0.0,0.0,0.0,3.4902913504942514,0.0,0.0,172558.47117304723,0.0,0.0,3.4902913504942514,0.0,0.0,3.207926111221125e-05,0.0,0.0,0.0,0.0,0.0,0.0,0.0,0.0,0.0,0.0,0.0,0.0,0.0,0.0,0.0,0.0,0.0,0.0,0.0,0.0,0.0,0.0,0.0,0.0,0.0,0.0,0.0,0.0,0.0,0.0,0.0,0.0,0.0,0.0,0.0,0.0,0.0,0.0,0.0,0.0,0.0,0.0,0.0,0.0,0.0,0.0,0.0,0.0,0.0,0.0,0.0,0.0,0.0,0.0,0.0,0.0,0.0,0.0,0.0,0.0,0.0,0.0,0.0,0.0,0.0,0.0,0.0,0.0,0.0,0.0,0.0,0.0,0.0,0.0,0.0,0.0,0.0
WAVAX,21.2878415304354,14.890246966059104,0.42964999700535533,0.0,0.0,0.0,0.0,513978.46167519887,10941492.042198598,0.0,0.0,0.0,0.0,423842.6449823559,0.0016773525449385479,0.0,0.0,0.0,0.0,0.0,0.0,0.0,0.0,90135.81669284303,0.0,0.0,0.0,0.0,0.0,90135.81669284303,90135.81669284303,0.0,1918796.9819736164,0.0,90135.81669284303,1918796.9819736164,5.1278317687818095e-05,0.0,0.0,0.0,0.0,0.0,0.0,0.0,570.2558362024708,100.7146935523198,0.0,0.0,0.0,0.0,0.0,0.0,0.0,0.0,88.36952679037127,8.836952679037127,88.36952679037127,8.836952679037127,0.0,0.0,0.0,0.0,0.0,0.0,0.0,0.0,137852.2510758965,124.06702596830684,0.0,0.0,0.0,0.0,0.0,0.0,803.8745084021346,0.0005735560343165853,0.0005798156716233207,0.00017994969148034281,0.00017797151342941793,0.0,0.0,0.0,407093.51953417854,0.0,0.0,0.0,0.0,19347.50027876453,19347.50027876453,0.010495792611731319,0.0,0.0
WBTC,20928.453977246543,20388.635582081683,0.026476435511912033,26.32627733,32033.84833557,4.70114916,3717.61570228,1668.6250087,783793967.5025175,26.10933868,31361.45990333,4.61832423,3657.84887872,1637.59826163,0.14273975032781375,0.00866757,0.20827108,663.76732329,8.62110895,0.08282493,0.0,59.76682356,0.0,31.02674707,0.0,0.21693865,672.38843224,0.08282493,59.76682356,31.02674707,754.8519899300002,8.62977652,15797885.13088298,180607.88073274284,763.4817664500001,15978493.011615723,4.3434521375993966e-07,0.12640786202256912,970.359697873803,242.7399291623327,0.3220889067098243,0.0805745478123992,40.836645823102316,10.099025466720319,39.0543786824,4.355629841744551,0.0,0.0,2659.1676880726272,172.84589972472077,0.0,0.0,225.69014556068925,22.569014556068925,170.20127982357684,8.510063991178843,3055.0591134568936,203.92497827196854,0.0,0.0,350328.0869746954,315.29527827722586,0.0,0.0,632369.6500625359,569.1326850562823,58542.58124382395,52.688323119441556,152.52635333442024,0.0,0.0,0.0,0.0,0.0,13053.782862240896,0.009313737222715012,0.009371317022227071,7.784370927151823e-09,4.084418995866303e-08,59790.5646272339,1813.9840034202928,345977.60323049926,37763.31261148611,0.44577014,2.86465013,0.08683529,16.55766084,1.80585548,21.76077188,0.011605669378445028,0.012064989847175472,0.00024422925465513026
XSUSHI,1.5713439922961896,1.3308834583687934,0.18067737818465202,0.0,6322975.766969287,0.0,0.0,0.0,9935569.98486158,0.0,6314675.560515275,0.0,0.0,0.0,0.001844634740747657,0.0,0.0,8300.206454012041,0.0,0.0,0.0,0.0,0.0,0.0,0.0,0.0,8300.206454012041,0.0,0.0,0.0,8300.206454012041,0.0,13042.47954632988,0.0,8300.206454012041,13042.47954632988,4.721992200655378e-06,0.0,0.0318942016036232,0.017185307821882517,0.0,0.0,0.0,0.0,0.0,0.0,0.0,0.0,781.9171822958997,66.46296049515148,0.0,0.0,0.0,0.0,0.0,0.0,781.9171822958997,66.46296049515148,0.0,0.0,369.2547014306549,0.3323292312875894,0.0,0.0,0.0,0.0,0.0,0.0,17.329865074189115,0.0,0.0,0.0,0.0,0.0,1271.7455619600114,0.0009073771260981617,0.0008790046910785805,0.00022323989011837047,0.004025277799588151,3662.2365317262534,0.0,0.0,0.0,0.0,2331.1461865431534,0.0,0.0,0.0,2331.1461865431534,9.334682031589079e-05,0.00010642608276819972,0.0034549042184480053
YFI,6845.274068778072,4759.797062356549,0.4381441013346514,26.480146920078596,1413.1456277765408,0.0,0.0,0.0,9854632.984275313,25.171025733487422,1028.2407663032811,0.0,0.0,0.0,0.0013405317011782475,1.2571857570976328,0.05193542949354433,384.9048614732597,0.0,0.0,0.0,0.0,0.0,0.0,0.0,1.3091211865911772,384.9048614732597,0.0,0.0,0.0,384.95679690275324,1.2571857570976328,2635134.7794382838,8605.781062697555,386.2139826598509,2643740.5605009813,2.197173557077429e-07,0.8151491119279278,1736.3979297888452,434.3417373651754,0.0,0.0,0.0,0.0,0.0,0.0,0.0,0.0,547.2248067802151,41.04186050851613,0.0,0.0,0.0,0.0,0.0,0.0,547.2248067802151,41.04186050851613,0.0,0.0,6123.653084851199,5.511287776366079,0.0,0.0,0.0,0.0,0.0,0.0,14.03416965595942,0.0,0.0,0.0,0.0,0.0,3193.8678844906435,0.0022787912526306586,0.0022993353275544796,1.7144404810001601e-06,2.4369113909026194e-06,45105.80604451232,0.0,0.0,0.0,0.029249964382846338,6.673573725760216,0.0,0.0,0.0,6.702823690143062,0.0011692500240414923,0.0013330791495013107,2.5664919343410732e-05
ZRX,0.3324662628193869,0.2345491212500002,0.4174696585838802,251490.2061803292,52196221.282154895,0.0,0.0,0.0,17437094.631956235,248183.08438139362,48469704.035566546,0.0,0.0,0.0,0.0030110925102361987,73.3047788511306,3233.817020084455,3555395.6429184866,171121.603669859,0.0,0.0,0.0,0.0,0.0,0.0,3307.121798935586,3726517.2465883456,0.0,0.0,0.0,3558629.459938571,171194.90844871014,1183124.2373047497,56916.531425649744,3729824.368387281,1240040.7687303994,0.002121899217196696,0.0,245.72298779156952,61.47142340219309,0.0,0.0,0.0,0.0,0.0,0.0,0.0,0.0,435.07019026221747,32.630264269666306,0.0,0.0,0.0,0.0,0.0,0.0,435.07019026221747,32.630264269666306,0.0,0.0,0.0,0.0,0.0,0.0,0.0,0.0,0.0,0.0,0.0,0.0,0.0,0.0,0.0,0.0,339.82467546342895,0.00024246134338697407,0.0002240348679921705,0.0030563580597021247,0.0027628838702401597,1152.3197632078602,0.0,0.0,0.0,107.1904168524612,3522.8025967387866,0.0,0.0,0.0,3629.9930135912477,3.0754744359471986e-05,3.5063936378760574e-05,0.026639883380270978
sUSD,1.0016662377232037,1.0025653553594027,-0.0008968169819479899,280326.0685923021,13602167.327881178,0.0,0.0,0.0,13905624.93066281,208993.81707888402,2447526.943100004,0.0,0.0,0.0,0.0004946799656939654,0.0,71332.25151341809,11154640.384781174,0.0,0.0,0.0,0.0,0.0,0.0,0.0,71332.25151341809,11154640.384781174,0.0,0.0,0.0,11225972.636294592,0.0,11244677.775380839,0.0,11225972.636294592,11244677.775380839,0.006386462255734735,33.169978650427524,28216.118127981827,7056.955516504517,0.0,0.0,0.0,0.0,0.0,0.0,0.0,0.0,0.0,-0.0,0.0,0.0,0.0,0.0,0.0,0.0,0.0,0.0,0.0,0.0,0.0,0.0,0.0,0.0,0.0,0.0,0.0,0.0,13.93861292903157,27.87722585806314,0.0,0.0,0.0,0.0,38213.59193852397,0.02726499723547378,0.027868921808131244,0.13216272775361032,0.1357904438406278,422005.57406213635,0.0,0.0,0.0,90.4030286428098,0.0,0.0,0.0,0.0,90.4030286428098,2.307622509105325e-06,2.630954362673627e-06,0.001452650487112234
